[
    {
        "country": "Aruba",
        "area": 193.00
    },
    {
        "country": "Afghanistan",
        "area": 652090.00
    },
    {
        "country": "Angola",
        "area": 1246700.00
    },
    {
        "country": "Anguilla",
        "area": 96.00
    },
    {
        "country": "Albania",
        "area": 28748.00
    },
    {
        "country": "Andorra",
        "area": 468.00
    },
    {
        "country": "Netherlands Antilles",
        "area": 800.00
    },
    {
        "country": "United Arab Emirates",
        "area": 83600.00
    },
    {
        "country": "Argentina",
        "area": 2780400.00
    },
    {
        "country": "Armenia",
        "area": 29800.00
    },
    {
        "country": "American Samoa",
        "area": 199.00
    },
    {
        "country": "Antarctica",
        "area": 13120000.00
    },
    {
        "country": "French Southern territories",
        "area": 7780.00
    },
    {
        "country": "Antigua and Barbuda",
        "area": 442.00
    },
    {
        "country": "Australia",
        "area": 7741220.00
    },
    {
        "country": "Austria",
        "area": 83859.00
    },
    {
        "country": "Azerbaijan",
        "area": 86600.00
    },
    {
        "country": "Burundi",
        "area": 27834.00
    },
    {
        "country": "Belgium",
        "area": 30518.00
    },
    {
        "country": "Benin",
        "area": 112622.00
    },
    {
        "country": "Burkina Faso",
        "area": 274000.00
    },
    {
        "country": "Bangladesh",
        "area": 143998.00
    },
    {
        "country": "Bulgaria",
        "area": 110994.00
    },
    {
        "country": "Bahrain",
        "area": 694.00
    },
    {
        "country": "Bahamas",
        "area": 13878.00
    },
    {
        "country": "Bosnia and Herzegovina",
        "area": 51197.00
    },
    {
        "country": "Belarus",
        "area": 207600.00
    },
    {
        "country": "Belize",
        "area": 22696.00
    },
    {
        "country": "Bermuda",
        "area": 53.00
    },
    {
        "country": "Bolivia",
        "area": 1098581.00
    },
    {
        "country": "Brazil",
        "area": 8547403.00
    },
    {
        "country": "Barbados",
        "area": 430.00
    },
    {
        "country": "Brunei",
        "area": 5765.00
    },
    {
        "country": "Bhutan",
        "area": 47000.00
    },
    {
        "country": "Bouvet Island",
        "area": 59.00
    },
    {
        "country": "Botswana",
        "area": 581730.00
    },
    {
        "country": "Central African Republic",
        "area": 622984.00
    },
    {
        "country": "Canada",
        "area": 9970610.00
    },
    {
        "country": "Cocos (Keeling) Islands",
        "area": 14.00
    },
    {
        "country": "Switzerland",
        "area": 41284.00
    },
    {
        "country": "Chile",
        "area": 756626.00
    },
    {
        "country": "China",
        "area": 9572900.00
    },
    {
        "country": "Ivory Coast",
        "area": 322463.00
    },
    {
        "country": "Cameroon",
        "area": 475442.00
    },
    {
        "country": "The Democratic Republic of the Congo",
        "area": 2344858.00
    },
    {
        "country": "Congo",
        "area": 342000.00
    },
    {
        "country": "Cook Islands",
        "area": 236.00
    },
    {
        "country": "Colombia",
        "area": 1138914.00
    },
    {
        "country": "Comoros",
        "area": 1862.00
    },
    {
        "country": "Cape Verde",
        "area": 4033.00
    },
    {
        "country": "Costa Rica",
        "area": 51100.00
    },
    {
        "country": "Cuba",
        "area": 110861.00
    },
    {
        "country": "Christmas Island",
        "area": 135.00
    },
    {
        "country": "Cayman Islands",
        "area": 264.00
    },
    {
        "country": "Cyprus",
        "area": 9251.00
    },
    {
        "country": "Czech Republic",
        "area": 78866.00
    },
    {
        "country": "Germany",
        "area": 357022.00
    },
    {
        "country": "Djibouti",
        "area": 23200.00
    },
    {
        "country": "Dominica",
        "area": 751.00
    },
    {
        "country": "Denmark",
        "area": 43094.00
    },
    {
        "country": "Dominican Republic",
        "area": 48511.00
    },
    {
        "country": "Algeria",
        "area": 2381741.00
    },
    {
        "country": "Ecuador",
        "area": 283561.00
    },
    {
        "country": "Egypt",
        "area": 1001449.00
    },
    {
        "country": "Eritrea",
        "area": 117600.00
    },
    {
        "country": "Western Sahara",
        "area": 266000.00
    },
    {
        "country": "Spain",
        "area": 505992.00
    },
    {
        "country": "Estonia",
        "area": 45227.00
    },
    {
        "country": "Ethiopia",
        "area": 1104300.00
    },
    {
        "country": "Finland",
        "area": 338145.00
    },
    {
        "country": "Fiji Islands",
        "area": 18274.00
    },
    {
        "country": "Falkland Islands",
        "area": 12173.00
    },
    {
        "country": "France",
        "area": 551500.00
    },
    {
        "country": "Faroe Islands",
        "area": 1399.00
    },
    {
        "country": "Federated States of Micronesia",
        "area": 702.00
    },
    {
        "country": "Gabon",
        "area": 267668.00
    },
    {
        "country": "United Kingdom",
        "area": 242900.00
    },
    {
        "country": "Georgia",
        "area": 69700.00
    },
    {
        "country": "Ghana",
        "area": 238533.00
    },
    {
        "country": "Gibraltar",
        "area": 6.00
    },
    {
        "country": "Guinea",
        "area": 245857.00
    },
    {
        "country": "Guadeloupe",
        "area": 1705.00
    },
    {
        "country": "Gambia",
        "area": 11295.00
    },
    {
        "country": "Guinea-Bissau",
        "area": 36125.00
    },
    {
        "country": "Equatorial Guinea",
        "area": 28051.00
    },
    {
        "country": "Greece",
        "area": 131626.00
    },
    {
        "country": "Grenada",
        "area": 344.00
    },
    {
        "country": "Greenland",
        "area": 2166090.00
    },
    {
        "country": "Guatemala",
        "area": 108889.00
    },
    {
        "country": "French Guiana",
        "area": 90000.00
    },
    {
        "country": "Guam",
        "area": 549.00
    },
    {
        "country": "Guyana",
        "area": 214969.00
    },
    {
        "country": "Hong Kong",
        "area": 1075.00
    },
    {
        "country": "Heard Island and McDonald Islands",
        "area": 359.00
    },
    {
        "country": "Honduras",
        "area": 112088.00
    },
    {
        "country": "Croatia",
        "area": 56538.00
    },
    {
        "country": "Haiti",
        "area": 27750.00
    },
    {
        "country": "Hungary",
        "area": 93030.00
    },
    {
        "country": "Indonesia",
        "area": 1904569.00
    },
    {
        "country": "India",
        "area": 3287263.00
    },
    {
        "country": "British Indian Ocean Territory",
        "area": 78.00
    },
    {
        "country": "Ireland",
        "area": 70273.00
    },
    {
        "country": "Iran",
        "area": 1648195.00
    },
    {
        "country": "Iraq",
        "area": 438317.00
    },
    {
        "country": "Iceland",
        "area": 103000.00
    },
    {
        "country": "Israel",
        "area": 21056.00
    },
    {
        "country": "Italy",
        "area": 301316.00
    },
    {
        "country": "Jamaica",
        "area": 10990.00
    },
    {
        "country": "Jordan",
        "area": 88946.00
    },
    {
        "country": "Japan",
        "area": 377829.00
    },
    {
        "country": "Kazakhstan",
        "area": 2724900.00
    },
    {
        "country": "Kenya",
        "area": 580367.00
    },
    {
        "country": "Kyrgyzstan",
        "area": 199900.00
    },
    {
        "country": "Cambodia",
        "area": 181035.00
    },
    {
        "country": "Kiribati",
        "area": 726.00
    },
    {
        "country": "Saint Kitts and Nevis",
        "area": 261.00
    },
    {
        "country": "South Korea",
        "area": 99434.00
    },
    {
        "country": "Kuwait",
        "area": 17818.00
    },
    {
        "country": "Laos",
        "area": 236800.00
    },
    {
        "country": "Lebanon",
        "area": 10400.00
    },
    {
        "country": "Liberia",
        "area": 111369.00
    },
    {
        "country": "Libyan Arab Jamahiriya",
        "area": 1759540.00
    },
    {
        "country": "Saint Lucia",
        "area": 622.00
    },
    {
        "country": "Liechtenstein",
        "area": 160.00
    },
    {
        "country": "Sri Lanka",
        "area": 65610.00
    },
    {
        "country": "Lesotho",
        "area": 30355.00
    },
    {
        "country": "Lithuania",
        "area": 65301.00
    },
    {
        "country": "Luxembourg",
        "area": 2586.00
    },
    {
        "country": "Latvia",
        "area": 64589.00
    },
    {
        "country": "Macao",
        "area": 18.00
    },
    {
        "country": "Morocco",
        "area": 446550.00
    },
    {
        "country": "Monaco",
        "area": 1.50
    },
    {
        "country": "Moldova",
        "area": 33851.00
    },
    {
        "country": "Madagascar",
        "area": 587041.00
    },
    {
        "country": "Maldives",
        "area": 298.00
    },
    {
        "country": "Mexico",
        "area": 1958201.00
    },
    {
        "country": "Marshall Islands",
        "area": 181.00
    },
    {
        "country": "North Macedonia",
        "area": 25713.00
    },
    {
        "country": "Mali",
        "area": 1240192.00
    },
    {
        "country": "Malta",
        "area": 316.00
    },
    {
        "country": "Myanmar",
        "area": 676578.00
    },
    {
        "country": "Mongolia",
        "area": 1566500.00
    },
    {
        "country": "Northern Mariana Islands",
        "area": 464.00
    },
    {
        "country": "Mozambique",
        "area": 801590.00
    },
    {
        "country": "Mauritania",
        "area": 1025520.00
    },
    {
        "country": "Montserrat",
        "area": 102.00
    },
    {
        "country": "Martinique",
        "area": 1102.00
    },
    {
        "country": "Mauritius",
        "area": 2040.00
    },
    {
        "country": "Malawi",
        "area": 118484.00
    },
    {
        "country": "Malaysia",
        "area": 329758.00
    },
    {
        "country": "Mayotte",
        "area": 373.00
    },
    {
        "country": "Namibia",
        "area": 824292.00
    },
    {
        "country": "New Caledonia",
        "area": 18575.00
    },
    {
        "country": "Niger",
        "area": 1267000.00
    },
    {
        "country": "Norfolk Island",
        "area": 36.00
    },
    {
        "country": "Nigeria",
        "area": 923768.00
    },
    {
        "country": "Nicaragua",
        "area": 130000.00
    },
    {
        "country": "Niue",
        "area": 260.00
    },
    {
        "country": "Netherlands",
        "area": 41526.00
    },
    {
        "country": "Norway",
        "area": 323877.00
    },
    {
        "country": "Nepal",
        "area": 147181.00
    },
    {
        "country": "Nauru",
        "area": 21.00
    },
    {
        "country": "New Zealand",
        "area": 270534.00
    },
    {
        "country": "Oman",
        "area": 309500.00
    },
    {
        "country": "Pakistan",
        "area": 796095.00
    },
    {
        "country": "Panama",
        "area": 75517.00
    },
    {
        "country": "Pitcairn",
        "area": 49.00
    },
    {
        "country": "Peru",
        "area": 1285216.00
    },
    {
        "country": "Philippines",
        "area": 300000.00
    },
    {
        "country": "Palau",
        "area": 459.00
    },
    {
        "country": "Papua New Guinea",
        "area": 462840.00
    },
    {
        "country": "Poland",
        "area": 323250.00
    },
    {
        "country": "Puerto Rico",
        "area": 8875.00
    },
    {
        "country": "North Korea",
        "area": 120538.00
    },
    {
        "country": "Portugal",
        "area": 91982.00
    },
    {
        "country": "Paraguay",
        "area": 406752.00
    },
    {
        "country": "Palestine",
        "area": 6257.00
    },
    {
        "country": "French Polynesia",
        "area": 4000.00
    },
    {
        "country": "Qatar",
        "area": 11000.00
    },
    {
        "country": "Reunion",
        "area": 2510.00
    },
    {
        "country": "Romania",
        "area": 238391.00
    },
    {
        "country": "Russia",
        "area": 17075400.00
    },
    {
        "country": "Rwanda",
        "area": 26338.00
    },
    {
        "country": "Saudi Arabia",
        "area": 2149690.00
    },
    {
        "country": "Sudan",
        "area": 1886068.00
    },
    {
        "country": "South Sudan",
        "area": 619745.00
    },
    {
        "country": "Senegal",
        "area": 196722.00
    },
    {
        "country": "Serbia",
        "area": 88361.00
    },
    {
        "country": "Singapore",
        "area": 618.00
    },
    {
        "country": "South Georgia and the South Sandwich Islands",
        "area": 3903.00
    },
    {
        "country": "Saint Helena",
        "area": 314.00
    },
    {
        "country": "Svalbard and Jan Mayen",
        "area": 62422.00
    },
    {
        "country": "Solomon Islands",
        "area": 28896.00
    },
    {
        "country": "Sierra Leone",
        "area": 71740.00
    },
    {
        "country": "El Salvador",
        "area": 21041.00
    },
    {
        "country": "San Marino",
        "area": 61.00
    },
    {
        "country": "Somalia",
        "area": 637657.00
    },
    {
        "country": "Saint Pierre and Miquelon",
        "area": 242.00
    },
    {
        "country": "Sao Tome and Principe",
        "area": 964.00
    },
    {
        "country": "Suriname",
        "area": 163265.00
    },
    {
        "country": "Slovakia",
        "area": 49012.00
    },
    {
        "country": "Slovenia",
        "area": 20256.00
    },
    {
        "country": "Sweden",
        "area": 449964.00
    },
    {
        "country": "Swaziland",
        "area": 17364.00
    },
    {
        "country": "Seychelles",
        "area": 455.00
    },
    {
        "country": "Syria",
        "area": 185180.00
    },
    {
        "country": "Turks and Caicos Islands",
        "area": 430.00
    },
    {
        "country": "Chad",
        "area": 1284000.00
    },
    {
        "country": "Togo",
        "area": 56785.00
    },
    {
        "country": "Thailand",
        "area": 513115.00
    },
    {
        "country": "Tajikistan",
        "area": 143100.00
    },
    {
        "country": "Tokelau",
        "area": 12.00
    },
    {
        "country": "Turkmenistan",
        "area": 488100.00
    },
    {
        "country": "East Timor",
        "area": 14874.00
    },
    {
        "country": "Tonga",
        "area": 650.00
    },
    {
        "country": "Trinidad and Tobago",
        "area": 5130.00
    },
    {
        "country": "Tunisia",
        "area": 163610.00
    },
    {
        "country": "Turkey",
        "area": 774815.00
    },
    {
        "country": "Tuvalu",
        "area": 26.00
    },
    {
        "country": "Taiwan",
        "area": 36188.00
    },
    {
        "country": "Tanzania",
        "area": 883749.00
    },
    {
        "country": "Uganda",
        "area": 241038.00
    },
    {
        "country": "Ukraine",
        "area": 603700.00
    },
    {
        "country": "United States Minor Outlying Islands",
        "area": 16.00
    },
    {
        "country": "Uruguay",
        "area": 175016.00
    },
    {
        "country": "United States",
        "area": 9363520.00
    },
    {
        "country": "Uzbekistan",
        "area": 447400.00
    },
    {
        "country": "Holy See (Vatican City State)",
        "area": 0.40
    },
    {
        "country": "Saint Vincent and the Grenadines",
        "area": 388.00
    },
    {
        "country": "Venezuela",
        "area": 912050.00
    },
    {
        "country": "British Virgin Islands",
        "area": 151.00
    },
    {
        "country": "U.S. Virgin Islands",
        "area": 347.00
    },
    {
        "country": "Vietnam",
        "area": 331689.00
    },
    {
        "country": "Vanuatu",
        "area": 12189.00
    },
    {
        "country": "Wallis and Futuna",
        "area": 200.00
    },
    {
        "country": "Samoa",
        "area": 2831.00
    },
    {
        "country": "Yemen",
        "area": 527968.00
    },
    {
        "country": "South Africa",
        "area": 1221037.00
    },
    {
        "country": "Zambia",
        "area": 752618.00
    },
    {
        "country": "Zimbabwe",
        "area": 390757.00
    }
]