[
    {
        "country": "Afghanistan",
        "elevation": null
    },
    {
        "country": "Albania",
        "elevation": null
    },
    {
        "country": "Algeria",
        "elevation": 800
    },
    {
        "country": "American Samoa",
        "elevation": null
    },
    {
        "country": "Andorra",
        "elevation": 1996
    },
    {
        "country": "Angola",
        "elevation": 1112
    },
    {
        "country": "Anguilla",
        "elevation": null
    },
    {
        "country": "Antarctica",
        "elevation": 2300
    },
    {
        "country": "Antigua and Barbuda",
        "elevation": null
    },
    {
        "country": "Argentina",
        "elevation": 595
    },
    {
        "country": "Armenia",
        "elevation": 1792
    },
    {
        "country": "Aruba",
        "elevation": null
    },
    {
        "country": "Australia",
        "elevation": 330
    },
    {
        "country": "Austria",
        "elevation": 910
    },
    {
        "country": "Azerbaijan",
        "elevation": 384
    },
    {
        "country": "Bahamas",
        "elevation": null
    },
    {
        "country": "Bahrain",
        "elevation": null
    },
    {
        "country": "Bangladesh",
        "elevation": 85
    },
    {
        "country": "Barbados",
        "elevation": null
    },
    {
        "country": "Belarus",
        "elevation": 160
    },
    {
        "country": "Belgiu",
        "elevation": 181
    },
    {
        "country": "Belize",
        "elevation": 173
    },
    {
        "country": "Benin",
        "elevation": 273
    },
    {
        "country": "Bermuda",
        "elevation": null
    },
    {
        "country": "Bhutan",
        "elevation": 3280
    },
    {
        "country": "Bolivia",
        "elevation": 1192
    },
    {
        "country": "Bosnia and Herzegovina",
        "elevation": 500
    },
    {
        "country": "Botswana",
        "elevation": 1013
    },
    {
        "country": "Bouvet Island",
        "elevation": null
    },
    {
        "country": "Brazil",
        "elevation": 320
    },
    {
        "country": "British Indian Ocean Territory",
        "elevation": null
    },
    {
        "country": "Brunei",
        "elevation": 478
    },
    {
        "country": "Bulgaria",
        "elevation": 472
    },
    {
        "country": "Burkina Faso",
        "elevation": 297
    },
    {
        "country": "Burundi",
        "elevation": 1504
    },
    {
        "country": "Cambodia",
        "elevation": 126
    },
    {
        "country": "Cameroon",
        "elevation": 667
    },
    {
        "country": "Canada",
        "elevation": 487
    },
    {
        "country": "Cape Verde",
        "elevation": null
    },
    {
        "country": "Cayman Islands",
        "elevation": null
    },
    {
        "country": "Central African Republic",
        "elevation": 635
    },
    {
        "country": "Chad",
        "elevation": 543
    },
    {
        "country": "Chile",
        "elevation": 1871
    },
    {
        "country": "China",
        "elevation": 1840
    },
    {
        "country": "Christmas Island",
        "elevation": null
    },
    {
        "country": "Cocos (Keeling) Islands",
        "elevation": null
    },
    {
        "country": "Colombia",
        "elevation": 593
    },
    {
        "country": "Comoros",
        "elevation": null
    },
    {
        "country": "Congo",
        "elevation": 430
    },
    {
        "country": "Cook Islands",
        "elevation": null
    },
    {
        "country": "Costa Rica",
        "elevation": 746
    },
    {
        "country": "Croatia",
        "elevation": 331
    },
    {
        "country": "Cuba",
        "elevation": 108
    },
    {
        "country": "Cyprus",
        "elevation": 91
    },
    {
        "country": "Czech Republic",
        "elevation": 433
    },
    {
        "country": "Denmark",
        "elevation": 34
    },
    {
        "country": "Djibouti",
        "elevation": 430
    },
    {
        "country": "Dominica",
        "elevation": null
    },
    {
        "country": "Dominican Republic",
        "elevation": 424
    },
    {
        "country": "East Timor",
        "elevation": null
    },
    {
        "country": "Ecuador",
        "elevation": 1117
    },
    {
        "country": "Egypt",
        "elevation": 321
    },
    {
        "country": "El Salvador",
        "elevation": 442
    },
    {
        "country": "England",
        "elevation": null
    },
    {
        "country": "Equatorial Guinea",
        "elevation": 577
    },
    {
        "country": "Eritrea",
        "elevation": 853
    },
    {
        "country": "Estonia",
        "elevation": 61
    },
    {
        "country": "Ethiopia",
        "elevation": 1330
    },
    {
        "country": "Falkland Islands",
        "elevation": null
    },
    {
        "country": "Faroe Islands",
        "elevation": null
    },
    {
        "country": "Fiji Islands",
        "elevation": null
    },
    {
        "country": "Finland",
        "elevation": 164
    },
    {
        "country": "France",
        "elevation": 375
    },
    {
        "country": "French Guiana",
        "elevation": 168
    },
    {
        "country": "French Polynesia",
        "elevation": null
    },
    {
        "country": "French Southern territories",
        "elevation": null
    },
    {
        "country": "Gabon",
        "elevation": 377
    },
    {
        "country": "Gambia",
        "elevation": 34
    },
    {
        "country": "Georgia",
        "elevation": 1432
    },
    {
        "country": "Germany",
        "elevation": 263
    },
    {
        "country": "Ghana",
        "elevation": 190
    },
    {
        "country": "Gibraltar",
        "elevation": null
    },
    {
        "country": "Greece",
        "elevation": 498
    },
    {
        "country": "Greenland",
        "elevation": 1792
    },
    {
        "country": "Grenada",
        "elevation": null
    },
    {
        "country": "Guadeloupe",
        "elevation": null
    },
    {
        "country": "Gua",
        "elevation": null
    },
    {
        "country": "Guatemala",
        "elevation": 759
    },
    {
        "country": "Guinea",
        "elevation": 472
    },
    {
        "country": "Guinea-Bissau",
        "elevation": 70
    },
    {
        "country": "Guyana",
        "elevation": 207
    },
    {
        "country": "Haiti",
        "elevation": 470
    },
    {
        "country": "Heard Island and McDonald Islands",
        "elevation": null
    },
    {
        "country": "Holy See (Vatican City State)",
        "elevation": null
    },
    {
        "country": "Honduras",
        "elevation": 684
    },
    {
        "country": "Hong Kong",
        "elevation": null
    },
    {
        "country": "Hungary",
        "elevation": 143
    },
    {
        "country": "Iceland",
        "elevation": 557
    },
    {
        "country": "India",
        "elevation": 160
    },
    {
        "country": "Indonesia",
        "elevation": 367
    },
    {
        "country": "Iran",
        "elevation": 1305
    },
    {
        "country": "Iraq",
        "elevation": 312
    },
    {
        "country": "Ireland",
        "elevation": 118
    },
    {
        "country": "Israel",
        "elevation": 508
    },
    {
        "country": "Italy",
        "elevation": 538
    },
    {
        "country": "Ivory Coast",
        "elevation": 250
    },
    {
        "country": "Jamaica",
        "elevation": 18
    },
    {
        "country": "Japan",
        "elevation": 438
    },
    {
        "country": "Jordan",
        "elevation": 812
    },
    {
        "country": "Kazakhstan",
        "elevation": null
    },
    {
        "country": "Kenya",
        "elevation": 762
    },
    {
        "country": "Kiribati",
        "elevation": null
    },
    {
        "country": "Kuwait",
        "elevation": 108
    },
    {
        "country": "Kyrgyzstan",
        "elevation": 2988
    },
    {
        "country": "Laos",
        "elevation": 710
    },
    {
        "country": "Latvia",
        "elevation": 87
    },
    {
        "country": "Lebanon",
        "elevation": 1250
    },
    {
        "country": "Lesotho",
        "elevation": 2161
    },
    {
        "country": "Liberia",
        "elevation": 243
    },
    {
        "country": "Libyan Arab Jamahiriya",
        "elevation": null
    },
    {
        "country": "Liechtenstein",
        "elevation": null
    },
    {
        "country": "Lithuania",
        "elevation": 110
    },
    {
        "country": "Luxembourg",
        "elevation": 325
    },
    {
        "country": "Macao",
        "elevation": null
    },
    {
        "country": "North Macedonia",
        "elevation": 741
    },
    {
        "country": "Madagascar",
        "elevation": 615
    },
    {
        "country": "Malawi",
        "elevation": 779
    },
    {
        "country": "Malaysia",
        "elevation": 538
    },
    {
        "country": "Maldives",
        "elevation": 1.8
    },
    {
        "country": "Mali",
        "elevation": 343
    },
    {
        "country": "Malta",
        "elevation": null
    },
    {
        "country": "Marshall Islands",
        "elevation": null
    },
    {
        "country": "Martinique",
        "elevation": null
    },
    {
        "country": "Mauritania",
        "elevation": 276
    },
    {
        "country": "Mauritius",
        "elevation": null
    },
    {
        "country": "Mayotte",
        "elevation": null
    },
    {
        "country": "Mexico",
        "elevation": 1111
    },
    {
        "country": "Micronesia, Federated States of",
        "elevation": null
    },
    {
        "country": "Moldova",
        "elevation": 139
    },
    {
        "country": "Monaco",
        "elevation": null
    },
    {
        "country": "Mongolia",
        "elevation": 1528
    },
    {
        "country": "Montserrat",
        "elevation": null
    },
    {
        "country": "Morocco",
        "elevation": 909
    },
    {
        "country": "Mozambique",
        "elevation": 345
    },
    {
        "country": "Myanmar",
        "elevation": null
    },
    {
        "country": "Namibia",
        "elevation": 1141
    },
    {
        "country": "Nauru",
        "elevation": null
    },
    {
        "country": "Nepal",
        "elevation": 3265
    },
    {
        "country": "Netherlands",
        "elevation": 30
    },
    {
        "country": "Netherlands Antilles",
        "elevation": null
    },
    {
        "country": "New Caledonia",
        "elevation": null
    },
    {
        "country": "New Zealand",
        "elevation": 388
    },
    {
        "country": "Nicaragua",
        "elevation": 298
    },
    {
        "country": "Niger",
        "elevation": 474
    },
    {
        "country": "Nigeria",
        "elevation": 380
    },
    {
        "country": "Niue",
        "elevation": null
    },
    {
        "country": "Norfolk Island",
        "elevation": null
    },
    {
        "country": "North Korea",
        "elevation": 400
    },
    {
        "country": "Northern Ireland",
        "elevation": null
    },
    {
        "country": "Northern Mariana Islands",
        "elevation": null
    },
    {
        "country": "Norway",
        "elevation": 460
    },
    {
        "country": "Oman",
        "elevation": 310
    },
    {
        "country": "Pakistan",
        "elevation": 900
    },
    {
        "country": "Palau",
        "elevation": null
    },
    {
        "country": "Palestine",
        "elevation": null
    },
    {
        "country": "Panama",
        "elevation": 360
    },
    {
        "country": "Papua New Guinea",
        "elevation": 667
    },
    {
        "country": "Paraguay",
        "elevation": 178
    },
    {
        "country": "Peru",
        "elevation": 1555
    },
    {
        "country": "Philippines",
        "elevation": 442
    },
    {
        "country": "Pitcairn",
        "elevation": null
    },
    {
        "country": "Poland",
        "elevation": 173
    },
    {
        "country": "Portugal",
        "elevation": 372
    },
    {
        "country": "Puerto Rico",
        "elevation": 261
    },
    {
        "country": "Qatar",
        "elevation": 28
    },
    {
        "country": "Reunion",
        "elevation": null
    },
    {
        "country": "Romania",
        "elevation": 414
    },
    {
        "country": "Russia",
        "elevation": null
    },
    {
        "country": "Rwanda",
        "elevation": 1598
    },
    {
        "country": "Saint Helena",
        "elevation": null
    },
    {
        "country": "Saint Kitts and Nevis",
        "elevation": null
    },
    {
        "country": "Saint Lucia",
        "elevation": null
    },
    {
        "country": "Saint Pierre and Miquelon",
        "elevation": null
    },
    {
        "country": "Saint Vincent and the Grenadines",
        "elevation": null
    },
    {
        "country": "Samoa",
        "elevation": null
    },
    {
        "country": "San Marino",
        "elevation": null
    },
    {
        "country": "Sao Tome and Principe",
        "elevation": null
    },
    {
        "country": "Saudi Arabia",
        "elevation": 665
    },
    {
        "country": "Scotland",
        "elevation": null
    },
    {
        "country": "Senegal",
        "elevation": 69
    },
    {
        "country": "Serbia",
        "elevation": 2826 
    },
    {
        "country": "Seychelles",
        "elevation": null
    },
    {
        "country": "Sierra Leone",
        "elevation": 279
    },
    {
        "country": "Singapore",
        "elevation": null
    },
    {
        "country": "Slovakia",
        "elevation": 458
    },
    {
        "country": "Slovenia",
        "elevation": 492
    },
    {
        "country": "Solomon Islands",
        "elevation": null
    },
    {
        "country": "Somalia",
        "elevation": 410
    },
    {
        "country": "South Africa",
        "elevation": 1034
    },
    {
        "country": "South Georgia and the South Sandwich Islands",
        "elevation": null
    },
    {
        "country": "South Korea",
        "elevation": 282
    },
    {
        "country": "South Sudan",
        "elevation": null
    },
    {
        "country": "Spain",
        "elevation": 660
    },
    {
        "country": "Sri Lanka",
        "elevation": null
    },
    {
        "country": "Sudan",
        "elevation": 568
    },
    {
        "country": "Suriname",
        "elevation": 246
    },
    {
        "country": "Svalbard and Jan Mayen",
        "elevation": null
    },
    {
        "country": "Swaziland",
        "elevation": 305
    },
    {
        "country": "Sweden",
        "elevation": 320
    },
    {
        "country": "Switzerland",
        "elevation": 1350
    },
    {
        "country": "Syria",
        "elevation": 514
    },
    {
        "country": "Tajikistan",
        "elevation": 3186
    },
    {
        "country": "Tanzania",
        "elevation": 1018
    },
    {
        "country": "Thailand",
        "elevation": 287
    },
    {
        "country": "The Democratic Republic of Congo",
        "elevation": null
    },
    {
        "country": "Togo",
        "elevation": 236
    },
    {
        "country": "Tokelau",
        "elevation": null
    },
    {
        "country": "Tonga",
        "elevation": null
    },
    {
        "country": "Trinidad and Tobago",
        "elevation": 83
    },
    {
        "country": "Tunisia",
        "elevation": 246
    },
    {
        "country": "Turkey",
        "elevation": 1132
    },
    {
        "country": "Turkmenistan",
        "elevation": 230
    },
    {
        "country": "Turks and Caicos Islands",
        "elevation": null
    },
    {
        "country": "Tuvalu",
        "elevation": null
    },
    {
        "country": "Uganda",
        "elevation": null
    },
    {
        "country": "Ukraine",
        "elevation": 175
    },
    {
        "country": "United Arab Emirates",
        "elevation": 149
    },
    {
        "country": "United Kingdo",
        "elevation": 162
    },
    {
        "country": "United States",
        "elevation": 760
    },
    {
        "country": "United States Minor Outlying Islands",
        "elevation": null
    },
    {
        "country": "Uruguay",
        "elevation": 109
    },
    {
        "country": "Uzbekistan",
        "elevation": null
    },
    {
        "country": "Vanuatu",
        "elevation": null
    },
    {
        "country": "Venezuela",
        "elevation": 450
    },
    {
        "country": "Vietna",
        "elevation": 398
    },
    {
        "country": "Virgin Islands, British",
        "elevation": null
    },
    {
        "country": "Virgin Islands, U.S.",
        "elevation": null
    },
    {
        "country": "Wales",
        "elevation": null
    },
    {
        "country": "Wallis and Futuna",
        "elevation": null
    },
    {
        "country": "Western Sahara",
        "elevation": 256
    },
    {
        "country": "Yemen",
        "elevation": 999
    },
    {
        "country": "Zambia",
        "elevation": 1138
    },
    {
        "country": "Zimbabwe",
        "elevation": 961
    }
]