[
    {
        "country": "Afghanistan",
        "temperature": 12.6
    },
    {
        "country": "Albania",
        "temperature": 11.4
    },
    {
        "country": "Algeria",
        "temperature": 22.5
    },
    {
        "country": "American Samoa",
        "temperature": null
    },
    {
        "country": "Andorra",
        "temperature": 7.6
    },
    {
        "country": "Angola",
        "temperature": 21.55
    },
    {
        "country": "Anguilla",
        "temperature": null
    },
    {
        "country": "Antarctica",
        "temperature": null
    },
    {
        "country": "Antigua and Barbuda",
        "temperature": 26
    },
    {
        "country": "Argentina",
        "temperature": 14.8
    },
    {
        "country": "Armenia",
        "temperature": 7.15
    },
    {
        "country": "Aruba",
        "temperature": null
    },
    {
        "country": "Australia",
        "temperature": 21.65
    },
    {
        "country": "Austria",
        "temperature": 6.35
    },
    {
        "country": "Azerbaijan",
        "temperature": 11.95
    },
    {
        "country": "Bahamas",
        "temperature": 24.85
    },
    {
        "country": "Bahrain",
        "temperature": 27.15
    },
    {
        "country": "Bangladesh",
        "temperature": 25
    },
    {
        "country": "Barbados",
        "temperature": 26
    },
    {
        "country": "Belarus",
        "temperature": 6.15
    },
    {
        "country": "Belgium",
        "temperature": 9.55
    },
    {
        "country": "Belize",
        "temperature": 25.3
    },
    {
        "country": "Benin",
        "temperature": 27.55
    },
    {
        "country": "Bermuda",
        "temperature": 23
    },
    {
        "country": "Bhutan",
        "temperature": 7.4
    },
    {
        "country": "Bolivia",
        "temperature": 21.55
    },
    {
        "country": "Bosnia and Herzegovina",
        "temperature": 9.85
    },
    {
        "country": "Botswana",
        "temperature": 21.5
    },
    {
        "country": "Bouvet Island",
        "temperature": null
    },
    {
        "country": "Brazil",
        "temperature": 24.95
    },
    {
        "country": "British Indian Ocean Territory",
        "temperature": null
    },
    {
        "country": "Brunei",
        "temperature": 26.85
    },
    {
        "country": "Bulgaria",
        "temperature": 10.55
    },
    {
        "country": "Burkina Faso",
        "temperature": 28.25
    },
    {
        "country": "Burundi",
        "temperature": 19.8
    },
    {
        "country": "Cambodia",
        "temperature": 26.8
    },
    {
        "country": "Cameroon",
        "temperature": 24.6
    },
    {
        "country": "Canada",
        "temperature": -5.35
    },
    {
        "country": "Cape Verde",
        "temperature": 23.3
    },
    {
        "country": "Cayman Islands",
        "temperature": null
    },
    {
        "country": "Central African Republic",
        "temperature": 24.9
    },
    {
        "country": "Chad",
        "temperature": 26.55
    },
    {
        "country": "Chile",
        "temperature": 8.45
    },
    {
        "country": "China",
        "temperature": 6.95
    },
    {
        "country": "Christmas Island",
        "temperature": null
    },
    {
        "country": "Cocos (Keeling) Islands",
        "temperature": null
    },
    {
        "country": "Colombia",
        "temperature": 24.5
    },
    {
        "country": "Comoros",
        "temperature": 25.55
    },
    {
        "country": "Congo",
        "temperature": null
    },
    {
        "country": "Cook Islands",
        "temperature": null
    },
    {
        "country": "Costa Rica",
        "temperature": 24.8
    },
    {
        "country": "Croatia",
        "temperature": 10.9
    },
    {
        "country": "Cuba",
        "temperature": 25.2
    },
    {
        "country": "Cyprus",
        "temperature": 18.45
    },
    {
        "country": "Czech Republic",
        "temperature": 7.55
    },
    {
        "country": "Denmark",
        "temperature": 7.5
    },
    {
        "country": "Djibouti",
        "temperature": 28
    },
    {
        "country": "Dominica",
        "temperature": 22.35
    },
    {
        "country": "Dominican Republic",
        "temperature": 24.55
    },
    {
        "country": "East Timor",
        "temperature": 25.25
    },
    {
        "country": "Ecuador",
        "temperature": 21.85
    },
    {
        "country": "Egypt",
        "temperature": 22.1
    },
    {
        "country": "El Salvador",
        "temperature": 24.45
    },
    {
        "country": "England",
        "temperature": null
    },
    {
        "country": "Equatorial Guinea",
        "temperature": 24.55
    },
    {
        "country": "Eritrea",
        "temperature": 25.5
    },
    {
        "country": "Estonia",
        "temperature": 5.1
    },
    {
        "country": "Ethiopia",
        "temperature": 22.2
    },
    {
        "country": "Falkland Islands",
        "temperature": null
    },
    {
        "country": "Faroe Islands",
        "temperature": null
    },
    {
        "country": "Fiji Islands",
        "temperature": null
    },
    {
        "country": "Finland",
        "temperature": 1.7
    },
    {
        "country": "France",
        "temperature": 10.7
    },
    {
        "country": "French Guiana",
        "temperature": null
    },
    {
        "country": "French Polynesia",
        "temperature": null
    },
    {
        "country": "French Southern territories",
        "temperature": null
    },
    {
        "country": "Gabon",
        "temperature": 25.05
    },
    {
        "country": "Gambia",
        "temperature": null
    },
    {
        "country": "Georgia",
        "temperature": 5.8
    },
    {
        "country": "Germany",
        "temperature": 8.5
    },
    {
        "country": "Ghana",
        "temperature": 27.2
    },
    {
        "country": "Gibraltar",
        "temperature": null
    },
    {
        "country": "Greece",
        "temperature": 15.4
    },
    {
        "country": "Greenland",
        "temperature": null
    },
    {
        "country": "Grenada",
        "temperature": 26.65
    },
    {
        "country": "Guadeloupe",
        "temperature": null
    },
    {
        "country": "Guam",
        "temperature": null
    },
    {
        "country": "Guatemala",
        "temperature": 23.45
    },
    {
        "country": "Guinea",
        "temperature": 25.7
    },
    {
        "country": "Guinea-Bissau",
        "temperature": 26.75
    },
    {
        "country": "Guyana",
        "temperature": 26
    },
    {
        "country": "Haiti",
        "temperature": 24.9
    },
    {
        "country": "Heard Island and McDonald Islands",
        "temperature": null
    },
    {
        "country": "Holy See (Vatican City State)",
        "temperature": null
    },
    {
        "country": "Honduras",
        "temperature": 23.5
    },
    {
        "country": "Hong Kong",
        "temperature": null
    },
    {
        "country": "Hungary",
        "temperature": 9.75
    },
    {
        "country": "Iceland",
        "temperature": 1.75
    },
    {
        "country": "India",
        "temperature": 23.65
    },
    {
        "country": "Indonesia",
        "temperature": 25.85
    },
    {
        "country": "Iran",
        "temperature": 17.25
    },
    {
        "country": "Iraq",
        "temperature": 21.4
    },
    {
        "country": "Ireland",
        "temperature": null
    },
    {
        "country": "Israel",
        "temperature": 19.2
    },
    {
        "country": "Italy",
        "temperature": 13.45
    },
    {
        "country": "Ivory Coast",
        "temperature": 26.35
    },
    {
        "country": "Jamaica",
        "temperature": 24.95
    },
    {
        "country": "Japan",
        "temperature": 11.15
    },
    {
        "country": "Jordan",
        "temperature": 18.3
    },
    {
        "country": "Kazakhstan",
        "temperature": null
    },
    {
        "country": "Kenya",
        "temperature": 24.75
    },
    {
        "country": "Kiribati",
        "temperature": 28.2
    },
    {
        "country": "Kuwait",
        "temperature": 25.35
    },
    {
        "country": "Kyrgyzstan",
        "temperature": 1.55
    },
    {
        "country": "Laos",
        "temperature": 22.8
    },
    {
        "country": "Latvia",
        "temperature": 5.6
    },
    {
        "country": "Lebanon",
        "temperature": 16.4
    },
    {
        "country": "Lesotho",
        "temperature": 11.85
    },
    {
        "country": "Liberia",
        "temperature": 25.3
    },
    {
        "country": "Libyan Arab Jamahiriya",
        "temperature": null
    },
    {
        "country": "Liechtenstein",
        "temperature": 5.65
    },
    {
        "country": "Lithuania",
        "temperature": 6.2
    },
    {
        "country": "Luxembourg",
        "temperature": 8.65
    },
    {
        "country": "Macao",
        "temperature": null
    },
    {
        "country": "North Macedonia",
        "temperature": null
    },
    {
        "country": "Madagascar",
        "temperature": 22.65
    },
    {
        "country": "Malawi",
        "temperature": 21.9
    },
    {
        "country": "Malaysia",
        "temperature": 25.4
    },
    {
        "country": "Maldives",
        "temperature": 27.65
    },
    {
        "country": "Mali",
        "temperature": 28.25
    },
    {
        "country": "Malta",
        "temperature": 19.2
    },
    {
        "country": "Marshall Islands",
        "temperature": 27.4
    },
    {
        "country": "Martinique",
        "temperature": null
    },
    {
        "country": "Mauritania",
        "temperature": 27.65
    },
    {
        "country": "Mauritius",
        "temperature": 22.4
    },
    {
        "country": "Mayotte",
        "temperature": null
    },
    {
        "country": "Mexico",
        "temperature": 21
    },
    {
        "country": "Micronesia, Federated States of",
        "temperature": null
    },
    {
        "country": "Moldova",
        "temperature": 9.45
    },
    {
        "country": "Monaco",
        "temperature": 13.55
    },
    {
        "country": "Mongolia",
        "temperature": -0.7
    },
    {
        "country": "Montserrat",
        "temperature": null
    },
    {
        "country": "Morocco",
        "temperature": 17.1
    },
    {
        "country": "Mozambique",
        "temperature": 23.8
    },
    {
        "country": "Myanmar",
        "temperature": 13.05
    },
    {
        "country": "Namibia",
        "temperature": 19.95
    },
    {
        "country": "Nauru",
        "temperature": null
    },
    {
        "country": "Nepal",
        "temperature": 8.1
    },
    {
        "country": "Netherlands",
        "temperature": null
    },
    {
        "country": "Netherlands Antilles",
        "temperature": null
    },
    {
        "country": "New Caledonia",
        "temperature": null
    },
    {
        "country": "New Zealand",
        "temperature": 10.55
    },
    {
        "country": "Nicaragua",
        "temperature": 24.9
    },
    {
        "country": "Niger",
        "temperature": 27.15
    },
    {
        "country": "Nigeria",
        "temperature": 26.8
    },
    {
        "country": "Niue",
        "temperature": null
    },
    {
        "country": "Norfolk Island",
        "temperature": null
    },
    {
        "country": "North Korea",
        "temperature": 5.7
    },
    {
        "country": "Northern Ireland",
        "temperature": null
    },
    {
        "country": "Northern Mariana Islands",
        "temperature": null
    },
    {
        "country": "Norway",
        "temperature": 1.5
    },
    {
        "country": "Oman",
        "temperature": 25.6
    },
    {
        "country": "Pakistan",
        "temperature": 20.2
    },
    {
        "country": "Palau",
        "temperature": 27.6
    },
    {
        "country": "Palestine",
        "temperature": null
    },
    {
        "country": "Panama",
        "temperature": 25.4
    },
    {
        "country": "Papua New Guinea",
        "temperature": 25.25
    },
    {
        "country": "Paraguay",
        "temperature": 23.55
    },
    {
        "country": "Peru",
        "temperature": 19.6
    },
    {
        "country": "Philippines",
        "temperature": 25.85
    },
    {
        "country": "Pitcairn",
        "temperature": null
    },
    {
        "country": "Poland",
        "temperature": 7.85
    },
    {
        "country": "Portugal",
        "temperature": 15.15
    },
    {
        "country": "Puerto Rico",
        "temperature": null
    },
    {
        "country": "Qatar",
        "temperature": 27.15
    },
    {
        "country": "Reunion",
        "temperature": null
    },
    {
        "country": "Romania",
        "temperature": 8.8
    },
    {
        "country": "Russia",
        "temperature": null
    },
    {
        "country": "Rwanda",
        "temperature": 17.85
    },
    {
        "country": "Saint Helena",
        "temperature": null
    },
    {
        "country": "Saint Kitts and Nevis",
        "temperature": 24.5
    },
    {
        "country": "Saint Lucia",
        "temperature": 25.5
    },
    {
        "country": "Saint Pierre and Miquelon",
        "temperature": null
    },
    {
        "country": "Saint Vincent and the Grenadines",
        "temperature": 26.8
    },
    {
        "country": "Samoa",
        "temperature": 26.7
    },
    {
        "country": "San Marino",
        "temperature": 11.85
    },
    {
        "country": "Sao Tome and Principe",
        "temperature": 23.75
    },
    {
        "country": "Saudi Arabia",
        "temperature": 24.65
    },
    {
        "country": "Scotland",
        "temperature": null
    },
    {
        "country": "Senegal",
        "temperature": 27.85
    },
    {
        "country": "Seychelles",
        "temperature": 27.15
    },
    {
        "country": "Sierra Leone",
        "temperature": 26.05
    },
    {
        "country": "Singapore",
        "temperature": 26.45
    },
    {
        "country": "Slovakia",
        "temperature": 6.8
    },
    {
        "country": "Slovenia",
        "temperature": 8.9
    },
    {
        "country": "Solomon Islands",
        "temperature": 25.65
    },
    {
        "country": "Somalia",
        "temperature": 27.05
    },
    {
        "country": "South Africa",
        "temperature": 17.75
    },
    {
        "country": "South Georgia and the South Sandwich Islands",
        "temperature": null
    },
    {
        "country": "South Korea",
        "temperature": 11.5
    },
    {
        "country": "South Sudan",
        "temperature": null
    },
    {
        "country": "Spain",
        "temperature": 13.3
    },
    {
        "country": "Sri Lanka",
        "temperature": 28.0
    },
    {
        "country": "Sudan",
        "temperature": 26.9
    },
    {
        "country": "Suriname",
        "temperature": 25.7
    },
    {
        "country": "Svalbard and Jan Mayen",
        "temperature": null
    },
    {
        "country": "Swaziland",
        "temperature": 21.4
    },
    {
        "country": "Sweden",
        "temperature": 2.1
    },
    {
        "country": "Switzerland",
        "temperature": 5.5
    },
    {
        "country": "Syria",
        "temperature": 17.75
    },
    {
        "country": "Tajikistan",
        "temperature": 2
    },
    {
        "country": "Tanzania",
        "temperature": 22.35
    },
    {
        "country": "Thailand",
        "temperature": 26.3
    },
    {
        "country": "The Democratic Republic of Congo",
        "temperature": null
    },
    {
        "country": "Togo",
        "temperature": 27.15
    },
    {
        "country": "Tokelau",
        "temperature": null
    },
    {
        "country": "Tonga",
        "temperature": 25.25
    },
    {
        "country": "Trinidad and Tobago",
        "temperature": 25.75
    },
    {
        "country": "Tunisia",
        "temperature": 19.2
    },
    {
        "country": "Turkey",
        "temperature": 11.1
    },
    {
        "country": "Turkmenistan",
        "temperature": 15.1
    },
    {
        "country": "Turks and Caicos Islands",
        "temperature": null
    },
    {
        "country": "Tuvalu",
        "temperature": 28
    },
    {
        "country": "Uganda",
        "temperature": 22.8
    },
    {
        "country": "Ukraine",
        "temperature": 8.3
    },
    {
        "country": "United Arab Emirates",
        "temperature": 27
    },
    {
        "country": "United Kingdom",
        "temperature": 8.45
    },
    {
        "country": "United States",
        "temperature": 8.55
    },
    {
        "country": "United States Minor Outlying Islands",
        "temperature": null
    },
    {
        "country": "Uruguay",
        "temperature": 17.55
    },
    {
        "country": "Uzbekistan",
        "temperature": 12.05
    },
    {
        "country": "Vanuatu",
        "temperature": 23.95
    },
    {
        "country": "Venezuela",
        "temperature": 25.35
    },
    {
        "country": "Vietnam",
        "temperature": 24.45
    },
    {
        "country": "Virgin Islands, British",
        "temperature": null
    },
    {
        "country": "Virgin Islands, U.S.",
        "temperature": null
    },
    {
        "country": "Wales",
        "temperature": null
    },
    {
        "country": "Wallis and Futuna",
        "temperature": null
    },
    {
        "country": "Western Sahara",
        "temperature": null
    },
    {
        "country": "Yemen",
        "temperature": 23.85
    },
    {
        "country": "Zambia",
        "temperature": 21.4
    },
    {
        "country": "Zimbabwe",
        "temperature": 21
    }
]
