[
    {
        "country": "Afghanistan",
        "iso": 4
    },
    {
        "country": "Albania",
        "iso": 8
    },
    {
        "country": "Algeria",
        "iso": 12
    },
    {
        "country": "American Samoa",
        "iso": 16
    },
    {
        "country": "Andorra",
        "iso": 20
    },
    {
        "country": "Angola",
        "iso": 24
    },
    {
        "country": "Anguilla",
        "iso": 660
    },
    {
        "country": "Antarctica",
        "iso": 10
    },
    {
        "country": "Antigua and Barbuda",
        "iso": 28
    },
    {
        "country": "Argentina",
        "iso": 32
    },
    {
        "country": "Armenia",
        "iso": 51
    },
    {
        "country": "Aruba",
        "iso": 533
    },
    {
        "country": "Australia",
        "iso": 36
    },
    {
        "country": "Austria",
        "iso": 40
    },
    {
        "country": "Azerbaijan",
        "iso": 31
    },
    {
        "country": "Bahamas",
        "iso": 44
    },
    {
        "country": "Bahrain",
        "iso": 48
    },
    {
        "country": "Bangladesh",
        "iso": 50
    },
    {
        "country": "Barbados",
        "iso": 52
    },
    {
        "country": "Belarus",
        "iso": 112
    },
    {
        "country": "Belgium",
        "iso": 56
    },
    {
        "country": "Belize",
        "iso": 84
    },
    {
        "country": "Benin",
        "iso": 204
    },
    {
        "country": "Bermuda",
        "iso": 60
    },
    {
        "country": "Bhutan",
        "iso": 64
    },
    {
        "country": "Bolivia",
        "iso": 68
    },
    {
        "country": "Bosnia and Herzegovina",
        "iso": 70
    },
    {
        "country": "Botswana",
        "iso": 72
    },
    {
        "country": "Bouvet Island",
        "iso": 74
    },
    {
        "country": "Brazil",
        "iso": 76
    },
    {
        "country": "British Indian Ocean Territory",
        "iso": 86
    },
    {
        "country": "Brunei",
        "iso": 96
    },
    {
        "country": "Bulgaria",
        "iso": 100
    },
    {
        "country": "Burkina Faso",
        "iso": 854
    },
    {
        "country": "Burundi",
        "iso": 108
    },
    {
        "country": "Cambodia",
        "iso": 116
    },
    {
        "country": "Cameroon",
        "iso": 120
    },
    {
        "country": "Canada",
        "iso": 124
    },
    {
        "country": "Cape Verde",
        "iso": 132
    },
    {
        "country": "Cayman Islands",
        "iso": 136
    },
    {
        "country": "Central African Republic",
        "iso": 140
    },
    {
        "country": "Chad",
        "iso": 148
    },
    {
        "country": "Chile",
        "iso": 152
    },
    {
        "country": "China",
        "iso": 156
    },
    {
        "country": "Christmas Island",
        "iso": 162
    },
    {
        "country": "Cocos (Keeling) Islands",
        "iso": null
    },
    {
        "country": "Colombia",
        "iso": 170
    },
    {
        "country": "Comoros",
        "iso": 174
    },
    {
        "country": "Congo",
        "iso": null
    },
    {
        "country": "Cook Islands",
        "iso": 184
    },
    {
        "country": "Costa Rica",
        "iso": 188
    },
    {
        "country": "Croatia",
        "iso": 191
    },
    {
        "country": "Cuba",
        "iso": 192
    },
    {
        "country": "Cyprus",
        "iso": 196
    },
    {
        "country": "Czech Republic",
        "iso": 203
    },
    {
        "country": "Denmark",
        "iso": 208
    },
    {
        "country": "Djibouti",
        "iso": 262
    },
    {
        "country": "Dominica",
        "iso": 212
    },
    {
        "country": "Dominican Republic",
        "iso": 214
    },
    {
        "country": "East Timor",
        "iso": 626
    },
    {
        "country": "Ecuador",
        "iso": 218
    },
    {
        "country": "Egypt",
        "iso": 818
    },
    {
        "country": "El Salvador",
        "iso": 222
    },
    {
        "country": "England",
        "iso": null
    },
    {
        "country": "Equatorial Guinea",
        "iso": 226
    },
    {
        "country": "Eritrea",
        "iso": 232
    },
    {
        "country": "Estonia",
        "iso": 233
    },
    {
        "country": "Ethiopia",
        "iso": 231
    },
    {
        "country": "Falkland Islands",
        "iso": 238
    },
    {
        "country": "Faroe Islands",
        "iso": 234
    },
    {
        "country": "Fiji Islands",
        "iso": null
    },
    {
        "country": "Finland",
        "iso": 246
    },
    {
        "country": "France",
        "iso": 250
    },
    {
        "country": "French Guiana",
        "iso": 254
    },
    {
        "country": "French Polynesia",
        "iso": 258
    },
    {
        "country": "French Southern territories",
        "iso": 260
    },
    {
        "country": "Gabon",
        "iso": 266
    },
    {
        "country": "Gambia",
        "iso": 270
    },
    {
        "country": "Georgia",
        "iso": 268
    },
    {
        "country": "Germany",
        "iso": 276
    },
    {
        "country": "Ghana",
        "iso": 288
    },
    {
        "country": "Gibraltar",
        "iso": 292
    },
    {
        "country": "Greece",
        "iso": 300
    },
    {
        "country": "Greenland",
        "iso": 304
    },
    {
        "country": "Grenada",
        "iso": 308
    },
    {
        "country": "Guadeloupe",
        "iso": 312
    },
    {
        "country": "Guam",
        "iso": 316
    },
    {
        "country": "Guatemala",
        "iso": 320
    },
    {
        "country": "Guinea",
        "iso": 324
    },
    {
        "country": "Guinea-Bissau",
        "iso": 624
    },
    {
        "country": "Guyana",
        "iso": 328
    },
    {
        "country": "Haiti",
        "iso": 332
    },
    {
        "country": "Heard Island and McDonald Islands",
        "iso": 334
    },
    {
        "country": "Holy See (Vatican City State)",
        "iso": null
    },
    {
        "country": "Honduras",
        "iso": 340
    },
    {
        "country": "Hong Kong",
        "iso": 344
    },
    {
        "country": "Hungary",
        "iso": 348
    },
    {
        "country": "Iceland",
        "iso": 352
    },
    {
        "country": "India",
        "iso": 356
    },
    {
        "country": "Indonesia",
        "iso": 360
    },
    {
        "country": "Iran",
        "iso": 364
    },
    {
        "country": "Iraq",
        "iso": 368
    },
    {
        "country": "Ireland",
        "iso": 372
    },
    {
        "country": "Israel",
        "iso": 376
    },
    {
        "country": "Italy",
        "iso": 380
    },
    {
        "country": "Ivory Coast",
        "iso": 384
    },
    {
        "country": "Jamaica",
        "iso": 388
    },
    {
        "country": "Japan",
        "iso": 392
    },
    {
        "country": "Jordan",
        "iso": 400
    },
    {
        "country": "Kazakhstan",
        "iso": null
    },
    {
        "country": "Kenya",
        "iso": 404
    },
    {
        "country": "Kiribati",
        "iso": 296
    },
    {
        "country": "Kuwait",
        "iso": 414
    },
    {
        "country": "Kyrgyzstan",
        "iso": 417
    },
    {
        "country": "Laos",
        "iso": 418
    },
    {
        "country": "Latvia",
        "iso": 428
    },
    {
        "country": "Lebanon",
        "iso": 422
    },
    {
        "country": "Lesotho",
        "iso": 426
    },
    {
        "country": "Liberia",
        "iso": 430
    },
    {
        "country": "Libyan Arab Jamahiriya",
        "iso": null
    },
    {
        "country": "Liechtenstein",
        "iso": 438
    },
    {
        "country": "Lithuania",
        "iso": 440
    },
    {
        "country": "Luxembourg",
        "iso": 442
    },
    {
        "country": "Macao",
        "iso": 446
    },
    {
        "country": "North Macedonia",
        "iso": 807
    },
    {
        "country": "Madagascar",
        "iso": 450
    },
    {
        "country": "Malawi",
        "iso": 454
    },
    {
        "country": "Malaysia",
        "iso": 458
    },
    {
        "country": "Maldives",
        "iso": 462
    },
    {
        "country": "Mali",
        "iso": 466
    },
    {
        "country": "Malta",
        "iso": 470
    },
    {
        "country": "Marshall Islands",
        "iso": 584
    },
    {
        "country": "Martinique",
        "iso": 474
    },
    {
        "country": "Mauritania",
        "iso": 478
    },
    {
        "country": "Mauritius",
        "iso": 480
    },
    {
        "country": "Mayotte",
        "iso": 175
    },
    {
        "country": "Mexico",
        "iso": 484
    },
    {
        "country": "Micronesia, Federated States of",
        "iso": null
    },
    {
        "country": "Moldova",
        "iso": 498
    },
    {
        "country": "Monaco",
        "iso": 492
    },
    {
        "country": "Mongolia",
        "iso": 496
    },
    {
        "country": "Montenegro",
        "iso": "382"
    },
    {
        "country": "Montserrat",
        "iso": 500
    },
    {
        "country": "Morocco",
        "iso": 504
    },
    {
        "country": "Mozambique",
        "iso": 508
    },
    {
        "country": "Myanmar",
        "iso": null
    },
    {
        "country": "Namibia",
        "iso": 516
    },
    {
        "country": "Nauru",
        "iso": 520
    },
    {
        "country": "Nepal",
        "iso": 524
    },
    {
        "country": "Netherlands",
        "iso": 528
    },
    {
        "country": "Netherlands Antilles",
        "iso": null
    },
    {
        "country": "New Caledonia",
        "iso": 540
    },
    {
        "country": "New Zealand",
        "iso": 554
    },
    {
        "country": "Nicaragua",
        "iso": 558
    },
    {
        "country": "Niger",
        "iso": 562
    },
    {
        "country": "Nigeria",
        "iso": 566
    },
    {
        "country": "Niue",
        "iso": 570
    },
    {
        "country": "Norfolk Island",
        "iso": 574
    },
    {
        "country": "North Korea",
        "iso": 408
    },
    {
        "country": "Northern Ireland",
        "iso": null
    },
    {
        "country": "Northern Mariana Islands",
        "iso": 580
    },
    {
        "country": "Norway",
        "iso": 578
    },
    {
        "country": "Oman",
        "iso": 512
    },
    {
        "country": "Pakistan",
        "iso": 586
    },
    {
        "country": "Palau",
        "iso": 585
    },
    {
        "country": "Palestine",
        "iso": 275
    },
    {
        "country": "Panama",
        "iso": 591
    },
    {
        "country": "Papua New Guinea",
        "iso": 598
    },
    {
        "country": "Paraguay",
        "iso": 600
    },
    {
        "country": "Peru",
        "iso": 604
    },
    {
        "country": "Philippines",
        "iso": 608
    },
    {
        "country": "Pitcairn",
        "iso": null
    },
    {
        "country": "Poland",
        "iso": 616
    },
    {
        "country": "Portugal",
        "iso": 620
    },
    {
        "country": "Puerto Rico",
        "iso": 630
    },
    {
        "country": "Qatar",
        "iso": 634
    },
    {
        "country": "Reunion",
        "iso": 638
    },
    {
        "country": "Romania",
        "iso": 642
    },
    {
        "country": "Russia",
        "iso": null
    },
    {
        "country": "Rwanda",
        "iso": 646
    },
    {
        "country": "Saint Helena",
        "iso": 654
    },
    {
        "country": "Saint Kitts and Nevis",
        "iso": 659
    },
    {
        "country": "Saint Lucia",
        "iso": 662
    },
    {
        "country": "Saint Pierre and Miquelon",
        "iso": 666
    },
    {
        "country": "Saint Vincent and the Grenadines",
        "iso": 670
    },
    {
        "country": "Samoa",
        "iso": 882
    },
    {
        "country": "San Marino",
        "iso": 674
    },
    {
        "country": "Sao Tome and Principe",
        "iso": 678
    },
    {
        "country": "Saudi Arabia",
        "iso": 682
    },
    {
        "country": "Scotland",
        "iso": null
    },
    {
        "country": "Senegal",
        "iso": 686
    },
    {
        "country": "Serbia",
        "iso": 688
    },
    {
        "country": "Seychelles",
        "iso": 690
    },
    {
        "country": "Sierra Leone",
        "iso": 694
    },
    {
        "country": "Singapore",
        "iso": 702
    },
    {
        "country": "Slovakia",
        "iso": 703
    },
    {
        "country": "Slovenia",
        "iso": 705
    },
    {
        "country": "Solomon Islands",
        "iso": 90
    },
    {
        "country": "Somalia",
        "iso": 706
    },
    {
        "country": "South Africa",
        "iso": 710
    },
    {
        "country": "South Georgia and the South Sandwich Islands",
        "iso": 239
    },
    {
        "country": "South Korea",
        "iso": 410
    },
    {
        "country": "South Sudan",
        "iso": 728
    },
    {
        "country": "Spain",
        "iso": 724
    },
    {
        "country": "Sri Lanka",
        "iso": null
    },
    {
        "country": "Sudan",
        "iso": 729
    },
    {
        "country": "Suriname",
        "iso": 740
    },
    {
        "country": "Svalbard and Jan Mayen",
        "iso": 744
    },
    {
        "country": "Swaziland",
        "iso": 748
    },
    {
        "country": "Sweden",
        "iso": 752
    },
    {
        "country": "Switzerland",
        "iso": 756
    },
    {
        "country": "Syria",
        "iso": 760
    },
    {
        "country": "Tajikistan",
        "iso": 762
    },
    {
        "country": "Tanzania",
        "iso": 834
    },
    {
        "country": "Thailand",
        "iso": 764
    },
    {
        "country": "The Democratic Republic of Congo",
        "iso": null
    },
    {
        "country": "Togo",
        "iso": 768
    },
    {
        "country": "Tokelau",
        "iso": 772
    },
    {
        "country": "Tonga",
        "iso": 776
    },
    {
        "country": "Trinidad and Tobago",
        "iso": 780
    },
    {
        "country": "Tunisia",
        "iso": 788
    },
    {
        "country": "Turkey",
        "iso": 792
    },
    {
        "country": "Turkmenistan",
        "iso": 795
    },
    {
        "country": "Turks and Caicos Islands",
        "iso": 796
    },
    {
        "country": "Tuvalu",
        "iso": 798
    },
    {
        "country": "Uganda",
        "iso": 800
    },
    {
        "country": "Ukraine",
        "iso": 804
    },
    {
        "country": "United Arab Emirates",
        "iso": 784
    },
    {
        "country": "United Kingdom",
        "iso": 826
    },
    {
        "country": "United States",
        "iso": 840
    },
    {
        "country": "United States Minor Outlying Islands",
        "iso": null
    },
    {
        "country": "Uruguay",
        "iso": 858
    },
    {
        "country": "Uzbekistan",
        "iso": 860
    },
    {
        "country": "Vanuatu",
        "iso": 548
    },
    {
        "country": "Venezuela",
        "iso": 862
    },
    {
        "country": "Vietnam",
        "iso": 704
    },
    {
        "country": "Virgin Islands, British",
        "iso": null
    },
    {
        "country": "Virgin Islands, U.S.",
        "iso": null
    },
    {
        "country": "Wales",
        "iso": null
    },
    {
        "country": "Wallis and Futuna",
        "iso": 876
    },
    {
        "country": "Western Sahara",
        "iso": 732
    },
    {
        "country": "Yemen",
        "iso": 887
    },
    {
        "country": "Zambia",
        "iso": 894
    },
    {
        "country": "Zimbabwe",
        "iso": 716
    }
]